{
    "(6, 1)": 988.0506687164307,
    "(8, 1)": 992.7670512199402,
    "(8, 2)": 994.6967933177948,
    "(7, 1)": 1000.2630045413971,
    "(8, 4)": 1000.7453577518463,
    "(3, 4)": 1001.6090404987335,
    "(4, 2)": 1003.9763395786285,
    "(5, 1)": 1006.240795135498,
    "(4, 1)": 1006.2408716678619,
    "(5, 4)": 1006.8009459972382,
    "(7, 4)": 1008.7707023620605,
    "(5, 2)": 1010.2247915267944,
    "(6, 2)": 1011.1023116111755,
    "(3, 8)": 1011.9061346054077,
    "(7, 2)": 1012.7928986549377,
    "(6, 4)": 1015.4660224914551,
    "(4, 4)": 1017.041934967041,
    "(6, 8)": 1020.7393929958344,
    "(7, 8)": 1025.8927998542786,
    "(5, 8)": 1026.199331998825,
    "(3, 2)": 1029.5857586860657,
    "(8, 8)": 1031.4899048805237,
    "(2, 2)": 1034.0707659721375,
    "(3, 1)": 1035.2067625522614,
    "(4, 8)": 1038.2559127807617,
    "(2, 1)": 1048.1680698394775,
    "(2, 4)": 1049.3157370090485,
    "(2, 8)": 1067.9419367313385,
    "(1, 2)": 1246.7157480716705,
    "(1, 4)": 1258.1694910526276,
    "(1, 8)": 1282.0209341049194,
    "(1, 1)": 1993.39133644104
}