{
    "(5, 2)": 1976.436303138733,
    "(6, 1)": 1984.665070772171,
    "(5, 4)": 1991.7456328868866,
    "(3, 2)": 2000.5345735549927,
    "(8, 1)": 2009.338049173355,
    "(4, 2)": 2010.6208715438843,
    "(4, 1)": 2012.3293135166168,
    "(8, 2)": 2016.7310411930084,
    "(4, 4)": 2016.8289692401886,
    "(7, 4)": 2020.7632791996002,
    "(7, 2)": 2023.5194809436798,
    "(7, 1)": 2025.1725630760193,
    "(3, 1)": 2025.5644857883453,
    "(6, 2)": 2033.1109232902527,
    "(5, 1)": 2036.5197908878326,
    "(2, 4)": 2042.0767407417297,
    "(6, 4)": 2044.084545135498,
    "(3, 4)": 2046.6259126663208,
    "(8, 4)": 2051.1549344062805,
    "(2, 2)": 2056.8234741687775,
    "(2, 1)": 2171.1018369197845
}