{
    "(50, 10)": -2.63896321451644,
    "(25, 10)": -2.5647175419869734,
    "(10, 25)": -2.4591274910436405,
    "(50, 25)": -2.4307726368033507,
    "(25, 25)": -2.4073035986579243,
    "(10, 10)": -2.3839821118605595
}